key	ids
	
	
	
	
	
	
	
	
	
	
CC-PPVGA-5M	CC-PPVGA-5M
	
	
	
	
4790POGFQ	31851
	
	
	
	
	
	
	
	
	
	
	
	
	
	
	
	
	
CC-DVI-15	CC-DVI-15
	
	
	
	
	
	
	
	
	
	
	
GC17133	36782
	
	
	
	
	
	
	
	
	
	
	
	
	
	
	
	
	
	
MD592Z/A	MD592Z/A
	
	
	
	
	
	
	
	
	
	
	
M99NWS1	M99NWS1
	
KVR1333D3N9/8G	KVR1333D3N9/8G
	
	
	
	
	
	
	
	
	
	
	
	
CT51264BF160B	CT51264BF160B
	
4790POGRG	40001
	
	
CS-200	40355
	
	
	
	
	
4790POGTT	
	
	
	
	
	
	
	
	
	
	
	
	
	
	
	
	
	
	
	
	
	
	
	
	
KVR1333D3S9/8G	KVR1333D3S9/8G
	
	
M113UWS1	M113UWS1
	
	
DK-1511-050/R	DK-1511-050/R
MD819ZM/A	MD819ZM/A
	
	
	
	
	
	
	
	
	
	
	
	
	
	
	
	
	
V12H002S21	V12H002S21
	
	
	
	
	
	
	
	
	
	
	
	
	
	
	
	
	
	
	
	
	
	
	
	
	
	
	
	
	
	
	
	
	
	
	
	
PRB-2W SILVER	PRB-2W SILVER
	
	
	
	
3UB 2A14 (Blue)	3UB 2A14 (Blue)
	
	
	
	
SRM-1103	SRM-1103
SGM-1103	SGM-1103
SRM-1101	SRM-1101
	
T85UWS1	T85UWS1
SGM-1104	SGM-1104
SGM-4303	SGM-4303
	
SGM-4304	SGM-4304
M92UWH	M92UWH
	
M113NWS1	M113NWS1
	
	
M84NWH	M84NWH
	
	
T85NWS1	T85NWS1
T99NWS1	T99NWS1
	
	
SGM-4305	SGM-4305
M100UWH	M100UWH
M94NWX	M94NWX
M100XWH	M100XWH
	
T113NWS1	T113NWS1
	
T113UWS1	T113UWS1
T92UWH	T92UWH
T119NWS1	T119NWS1
M120UWH2	M120UWH2
	
M120XWV2	M120XWV2
	
	
M136XWS1	M136XWS1
	
	
M120XWH2	M120XWH2
T136NWS1	T136NWS1
	
	
T136UWS1	T136UWS1
	
Electric120V	Electric120V
	
M135XWH2	M135XWH2
	
M120HSR-PRO	M120HSR-PRO
PSAC150	PSAC150
M135XWV2	M135XWV2
	
M120VSR-PRO	M120VSR-PRO
M150XWV2	M150XWV2
M150XWH2	M150XWH2
	
	
ELECTRIC100V	ELECTRIC100V
	
	
	
	
	
ELECTRIC125XH	ELECTRIC125XH
Electric128NX	Electric128NX
	
	
	
	
	
	
VMAX150XWH2	VMAX150XWH2
	
	
	
	
	
	
	
	
	
	
	
	
	
	
	
	
	
	
	
	
	
	
	
	
	
	
	
	
	
	
	
	
	
	
	
SGM-4302	SGM-4302
	
	
T100UWV1	T100UWV1
	
M80NWV	M80NWV
M85XWS1	M85XWS1
	
	
	
	
	
MJ1M2ZM/A	MJ1M2ZM/A
	
MD862ZM/A	MD862ZM/A
	
MD826ZM/A	MD826ZM/A
MD825ZM/A	MD825ZM/A
	
	
	
	
	
	
	
	
	
	
	
	
CT51264BA160BJ	CT51264BA160B
	
	
	
	
	
	
	
3UB 2A14 (Red)	3UB 2A14 (Red)
SNM-1	SNM-1
SNM-10	SNM-10
SNM-11	SNM-11
SNM-2	SNM-2
SNM-3	SNM-3
SNM-4	SNM-4
SNM-6	SNM-6
SNM-7	SNM-7
SNM-8	SNM-8
SNM-9	SNM-9
SNT-1	SNT-1
SNT-2	SNT-2
SNT-3	SNT-3
SNT-4	SNT-4
KVR800D2N6/2G	KVR800D2N6/2G
	
	
KVR16N11/8	KVR16N11/8
	
	
	
PSAX106 (16:10)	PSAX106
PSAX139D (16:10)	PSAX139D
KVR667D2N5/2G	KVR667D2N5/2G
	
	
	
CT8G3S160BMCEU	CT8G3S160BM
KTA-MB1333/8G	45416
	
	
KVR13S9S8/4	KVR13S9S8/4
KVR16LS11S6/2	KVR16LS11S6/2
KVR16S11/8	KVR16S11/8
KVR800D2S6/1G	KVR800D2S6/1G
KVR800D2S6/2G	KVR800D2S6/2G
	
	
	
	
	
	
TS512MSK64V3N	TS512MSK64V3N
	
	
	
	
CT102464BA160B	CT102464BA160B
CT102464BD186D	CT102464BD186D
	
CT25664AA800	CT25664AA800
	
	
	
	
	
	
	
	
	
	
KVR800D2N6/1G	KVR800D2N6/1G
	
	
	
	
	
	
	
	
	
	
	
	
	
	
	
	
	
	
	
	
	
	
KVR13S9S6/2	KVR13S9S6/2
KVR16S11S8/4	KVR16S11S8/4
	
	
	
	
	
	
	
	
KVR16LS11/4	KVR16LS11/4
	
	
	
	
	
	
	
	
	
	
	
	
	
	
AK-310100-050-E	AK-310100-050-E
AK-310103-100-E	AK-310103-100-E
	
	
	
	
AK-300310-002-S	AK-300310-002-S
AK-300309-002-S	AK-300309-002-S
	
	
	
AK-320101-050-S	AK-320101-050-S
	
AK-330114-030-S	AK-330114-030-S
AK-330201-030-S	AK-330201-030-S
AK-330201-050-S	AK-330201-050-S
AK-330400-002-S	AK-330400-002-S
	
	
	
	
	
AK-330107-100-S	AK-330107-100-S
AK-330505-000-S	AK-330505-000-S
	
	
	
	
	
	
	
	
	
	
KVR16LS11/8	KVR16LS11/8
	
F4U042bt	F4U042bt
HYMP125U64CP8-S6	HYMP125U64CP8-S6
	
M378B5663QZ3-CF7	M378B5663QZ3-CF7
	
	
	
PRT3	PRT3
	
	
	
	
AK-310103-018-E	AK-310103-018-E
AK-310100-030-E	AK-310100-030-E
	
	
	
	
	
	
	
	
	
	
	
	
	
DK-1511-100	DK-1511-100
DK-1531-100	DK-1531-100
DK-1531-200	DK-1531-200
	
TS-HUB2K	TS-HUB2K
F5U701cwBLK	F5U701cwBLK
	
U-224	U-224
	
	
	
U-370	U-370
7805	7805
	
	
	
HDE32	HDE32
HDC-24	HDC-24
TS0GSJ25S3	TS0GSJ25S3
	
	
	
	
	
DA-70156	DA-70156
	
DA-70139-2	DA-70139-2
	
	
	
	
	
	
	
	
	
	
	
	
	
	
	
	
	
KVR1333D3N9/2G	KVR1333D3S8N9/2G
	
	
GR1600D364L11S/4G	GR1600D364L11S/4G
GR1600S3V64L11/4G	GR1600S3V64L11/4G
GR1600S364L11S/4G	GR1600S364L11S/4G
	
HMT451S6AFR8A-PB	HMT451S6AFR8A-PB
	
GR1333D364L9/8G	GR1333D364L9/8G
GR1600D3V64L11/8G	GR1600D3V64L11/8G
	
	
	
KVR16LN11/8	KVR16LN11/8
	
	
	
39854	39854
	
	
	
	
	
	
	
DUB-H7	DUB-H7
A-OTG-AFBM-001	A-OTG-AFBM-001
	
	
	
	
	
	
KBO1623	KBO1623
A-DVI-VGA	A-DVI-VGA
	
7789	44859
	
	
	
9150	9150
	
CC-HDMI4-15M	CC-HDMI4-15M
CC-HDMI4-30M	CC-HDMI4-30M
	
CC-DVI2-10	CC-DVI2-10
CC-DVI2-15	CC-DVI2-15
	
	
CC-HDMI-DVI-0.5M	CC-HDMI-DVI-0.5M
A-HDMI-DVI-2	A-HDMI-DVI-2
CC-HDMI-DVI-6	CC-HDMI-DVI-6
CC-HDMI-DVI-10	CC-HDMI-DVI-10
	
	
	
VD 066-5m.	VD 066-5m.
	
	
	
	
	
	
	
	
	
	
	
KVR16N11S8/4	KVR16N11S8/4
	
	
	
	
	
	
	
	
	
	
	
	
	
	
	
	
KTL-TP3CL/8G	KTL-TP3CL/8G
	
	
	
	
	
	
	
	
	
PRM1	PRM1
	
PRMC2	PRMC2
PRMC3	PRMC3
	
PRTC2	PRTC2
PRT1	PRT1
	
	
	
M92XWH	M92XWH
	
	
PRM4	PRM4
PRMC4	PRMC4
T120UWV1	T120UWV1
PRMC5	PRMC5
M100VSR-PRO	M100VSR-PRO
PRM5	PRM5
	
	
	
	
VMAX120XWV2	VMAX120XWV2
VMAX150XWV2	VMAX150XWV2
	
	
	
VMAX165XWV2	VMAX165XWV2
	
	
	
	
	
	
CCF-USB2-AMBM-6	CCF-USB2-AMBM-6
	
	
	
	
43073	IEEE-1284
	
HMT451U6AFR8A-PB	HMT451U6AFR8A-PB
	
	
	
	
CT4G3S1067M	CT4G3S1067M
	
	
	
	
	
	
	
	
43062	
	
	
	
UAS-DB9M-02	UAS-DB9M-02
	
	
M471B5173EB0-YK0	M471B5173EB0-YK0
	
ZC332200	43197
	
	
CAB-PN-PATCH-5M	CAB-PN-PATCH-5M
	
TS4GAP1066S	TS4GAP1066S
M471B5273DH0-CH9	M471B5273DH0-CH9
CAB-PN-PATCH-1M	CAB-PN-PATCH-1M
	
3037	43258
	
CC-PPVGA-15M-B	CC-PPVGA-15M-B
	
	
KVR1333D3S9/4G	KVR1333D3S9/4G
	
	
	
	
	
I028569	IEEE-1284
	
KVR400X64C3A/1G	KVR400X64C3A/1G
	
HYMP125S64CP8-S6	HYMP125S64CP8-S6
M470T5663QZ3-CF7	M470T5663QZ3-CF7
M471B5273BH1-CF8	M471B5273BH1-CF8
HL340	43352
	
	
	
	
43359	43359
	
A-HDMI-VGA-02	43621
MM103	43372
43376	YT-C-HDMI(M)/VGA(F)+AUX-B
M471B5273CH0-CF8	M471B5273CH0-CF8
HMT41GS6AFR8A-PB	HMT41GS6AFR8A-PB
SNM-5	SNM-5
SNM-12	SNM-12
	
	
	
	
	
	
	
	
207100	207100
	
3V084MMS	3V084MMS
	
	
3V084MTV	3V084MTV
3V070MTS	3V070MTS
	
3V095MEK	3V095MEK
3V120MTV	3V120MTV
3V120MEV	3V120MEV
3V112MEK	3V112MEK
3V106MEH	3V106MEH
	
	
	
	
M109NWX	M109NWX
T119UWS1	T119UWS1
M84UWH	M84UWH
	
VMAX120XWH2-E24	VMAX120XWH2-E24
	
	
	
	
	
	
	
	
1MVEM3	1MVEM3
	
CMS115W	CMS115W
	
	
	
	
	
	
	
	
	
	
	
	
	
KITEC030045B	KITEC030045B
KITEC045080B	KITEC045080B
	
	
	
	
	
	
	
	
	
	
	
	
	
	
	
CC-HDMI4-1M	CC-HDMI4-1M
HMT325S6CFR8C-PB	HMT325S6CFR8C-PB
	
	
ZC21302	43413
	
HMT351S6BFR8C-H9	HMT351S6BFR8C-H9
M471B1G73QH0-YK0	M471B1G73QH0-YK0
	
43444	YT-HDMI(M)-VGA (M)-1.5
KVR1066D3S7/4G	KVR1066D3S7/4G
	
	
CAB-PN-VGA-VGA-10М	CAB-PN-VGA-VGA-10М
M471B1G73EB0-YK0	M471B1G73EB0-YK0
TS32GJF350	TS32GJF350
	
CAB-PN-VGA-VGA-20М	CAB-PN-VGA-VGA-20М
	
	
	
	
HDS9001-SS	43493
	
GR1600S3V64L11/8G	GR1600S3V64L11/8G
	
	
PSD34G1600L81S	PSD34G1600L81S
	
	
	
	
CC-PPVGA-20M-B	CC-PPVGA-20M-B
AM030A01-P1	77210
	
	
CC-PPVGA-5M-B	CC-PPVGA-5M-B
CC-PPVGA-10-B	CC-PPVGA-10-B
CC-PPVGA-10M-B	CC-PPVGA-10M-B
	
CC-PPVGA-30M-B	CC-PPVGA-30M-B
	
	
372190	372190
373715	373715
KVR21S15D8/8	KVR21S15D8/8
	
CL2530	YT-C-HDMI(M)/VGA(F)-B
	
	
CC-PPVGAX-10M-B	CC-PPVGAX-10M-B
CAB-PN-PATCH-3M	CAB-PN-PATCH-3M
	
KVR800D2S6/1G	KVR800D2S6/1G
43568	AMD800D2N6/4G
M378B5173EB0-CK0	M378B5173EB0-CK0
	
	
M471B5673FH0-CF8	M471B5673FH0-CF8
CC-PPVGA-6B	CC-PPVGA-6B
TS16GJF700	TS16GJF700
	
AYC-VH01	43585
PT-H70X70WP5(SB)	PT-H70X70WP5(SB)
	
	
CB-P72(4:3)WM5(SSW)	CB-P72(4:3)WM5(SSW)
CB-P84(4:3)WM5(SSW)	CB-P84(4:3)WM5(SSW)
CB-P77(16:9)WM5(SSW)	CB-P77(16:9)WM5(SSW)
CB-P100(4:3)WM5(SSW)	CB-P100(4:3)WM5(SSW)
	
	
CB-P106(16:9)WM5(SSW)	CB-P106(16:9)WM5(SSW)
CB-P120(4:3)WM5(SSW)	CB-P120(4:3)WM5(SSW)
	
CB-P120(16:9)WM5(SSW)	CB-P120(16:9)WM5(SSW)
CB-P133(16:9)WM5(SSW)	CB-P133(16:9)WM5(SSW)
CB-P150(4:3)WM5(SSW)	CB-P150(4:3)WM5(SSW)
	
	
	
	
	
	
	
	
	
	
	
	
	
	
	
	
	
	
	
	
	
	
	
CB-M220(4:3)WM9	CB-M220(4:3)WM9
	
AS08GFA60CATBGJ	AS08GFA60CATBGJ
	
	
	
	
	
HMA451S6AFR8N-TF	HMA451S6AFR8N-TF
	
	
	
	
	
TED34G1600C11-S01 / TED34GM1600C11-S01	TED34G1600C11-S01 / TED34GM1600C11-S01
GR2133S464L15S/4G	GR2133S464L15S/4G
	
	
	
	
KVR21S15S8/4	KVR21S15S8/4
	
CT4G4SFS824A	CT4G4SFS824A
	
KCP316SS8/4	KCP316SS8/4
KCP3L16SS8/4	KCP3L16SS8/4
M471A1G43EB1-CPB	M471A1G43EB1-CPB
	
GR1333S364L9/8G	GR1333S364L9/8G
	
	
	
HMT41GS6BFR8A-PB	HMT41GS6BFR8A-PB
	
	
	
CT102464BF160B	CT102464BF160B
	
KVR21S15S8/8	KVR21S15S8/8
	
HX316LS9IBK2/8	HX316LS9IBK2/8
KCP3L16SD8/8	KCP3L16SD8/8
	
KCP316SD8/8	KCP316SD8/8
	
	
	
	
	
	
	
	
	
	
	
	
	
	
	
	
	
	
	
	
E30804S	E30804S
	
	
E30214S	E30214S
	
	
CMPR-2	CMPR-2
PB-14B	PB-14B
PB-14W	PB-14W
	
	
PB-15W	PB-15W
PB-15B	PB-15B
	
CMPR-3	CMPR-3
	
V-PVGA-6	V-PVGA-6
	
	
	
V-HDMI4-0.5M	V-HDMI4-0.5M
	
MT16JSF25664HZ-1G1F1	MT16JSF25664HZ-1G1F1
	
M471B5173DB0-YK0	M471B5173DB0-YK0
M471B5273DH0-CK0	M471B5273DH0-CK0
	
	
	
	
A-mDPM-VGAF-02	A-mDPM-VGAF-02
	
AK-340305-010-W	AK-340305-010-W
	
KBD1668	KBD1668
AK-340404-001-W	AK-340404-001-W
AK-340305-030-W	AK-340305-030-W
	
AK-340509-002-W	AK-340509-002-W
	
	
	
	
UCO2-0080KWR11	UCO2-0080KWR11
	
HMT351S6CFR8C-PB	HMT351S6CFR8C-PB
	
	
ESDC86	ESDC86
	
	
	
	
ESAA100	ESAA100
	
	
mt16jsf51264hz-1g4d1	MT16JSF51264HZ-1G4D1
	
HMT351S6EFR8A-PB	HMT351S6EFR8A-PB
CC-HDMI4L-1M	CC-HDMI4L-1M
CC-HDMI4L-6	CC-HDMI4L-6
SKU015225	43711
SKU015028	37050
43712	43712
KVR16S11/4	KVR16S11/4
	
M378T5663EH3-CF7	M378T5663EH3-CF7
	
HMT451S6BFR8A-PB	HMT451S6BFR8A-PB
PSD38G16002S	PSD38G16002S
	
	
	
	
	
	
DK-1511-020	DK-1511-020
DK-1511-050/B	DK-1511-050/B
KBT001740	99099
	
KVR1333D3N9/4G	KVR1333D3N9/4G
	
	
KVR1333D3N9/4G/AMD	AMD1333D3N9/4G
	
	
M471B5173QH0-YK0	M471B5173QH0-YK0
	
43816	43816
	
M471B1G73DB0-YK0	M471B1G73DB0-YK0
HMT325S6BFR8C-H9	HMT325S6BFR8C-H9
CCA-458-5M	CCA-458-5M
	
10710	10710
	
	
	
	
	
ZC851200	43828
CT-PRB-1	CT-PRB-1
43769	43769
43832	43832
	
43834	43834
	
CT-PRB-1S	CT-PRB-1S
	
	
Q117230	43835
JM800QLU-2G	JM800QLU-2G
	
	
TSR021	43850
43851	44778
43838	43838
43852	43852
16852	16852
CC-DP-HDMI-1M	CC-DP-HDMI-1M
	
AK-340103-020-S	AK-340103-020-S
A-DPM-DVIF-002-W	A-DPM-DVIF-002-W
CC-DP-HDMI-6	CC-DP-HDMI-6
A-DPM-HDMIF-002-W	A-DPM-HDMIF-002-W
CC-DP-HDMI-3M	CC-DP-HDMI-3M
	
	
16851	16851
KD00AS1236	KD00AS1236
KD00AS1237	KD00AS1237
KD00AS1277	KD00AS1277
KD00AS1278	KD00AS1278
	
KBD1669	KBD1669
	
AK-340102-010-W	AK-340102-010-W
A-mDPM-DPF-001-W	A-mDPM-DPF-001-W
	
	
	
	
KD00AS1238	43877
	
	
KD00AS1281	KD00AS1281
KBD1677	KBD1677
	
	
	
	
43891	YT-C-DVI-(M)/VGA(F)
	
	
	
V-VGA-6	V-VGA-6
	
iPD203	36559
	
11209	11209
	
KBD1676	KBD1676
43908	YT-A-SCART(M)-3RCA(F)+
	
	
	
	
	
LA-UAFM-OTG black	LA-UAFM-OTG black
	
KVR16N11/4G	KVR16N11/4G
	
	
	
	
	
	
	
	
	
	
	
CB-MP84(4:3)WM5	CB-MP84(4:3)WM5
CB-MP94(16:10)WM5	CB-MP94(16:10)WM5
CB-MP103(16:10)WM5	CB-MP103(16:10)WM5
CB-MP92(16:9)WM5	CB-MP92(16:9)WM5
CB-MP100(16:9)WM5	CB-MP100(16:9)WM5
CB-MP120(4:3)WM5	CB-MP120(4:3)WM5
	
CB-MP109(16:10)WM5	CB-MP109(16:10)WM5
CB-MP113(16:10)WM5	CB-MP113(16:10)WM5
CB-MP150(4:3)WM5	CB-MP150(4:3)WM5
	
CB-MP130(16:10)WM5	CB-MP130(16:10)WM5
CB-MP137(16:10)WM5	CB-MP137(16:10)WM5
CB-MP180(4:3)WM5	CB-MP180(4:3)WM5
CB-MP150(16:9)WM5	CB-MP150(16:9)WM5
CB-MP150(16:10)WM5	CB-MP150(16:10)WM5
CB-MP189(16:10)WM5	CB-MP189(16:10)WM5
CB-MP165(16:9)WM5	CB-MP165(16:9)WM5
CB-MP164(16:10)WM5	CB-MP164(16:10)WM5
CB-MP180(16:9)WM5	CB-MP180(16:9)WM5
	
CB-MP200(16:9)WM5	CB-MP200(16:9)WM5
CB-MP200(16:10)WM5	CB-MP200(16:10)WM5
43951	43951
	
KVR800D2S6/4G	KVR800D2S6/4G
KVR667D2S5/2G	KVR667D2S5/2G
CC-HDMI-DVI-7.5MC	CC-HDMI-DVI-7.5MC
EL123500013	EL123500013
	
	
	
	
	
M378T5663QZ3-CF7	M378T5663QZ3-CF7
	
XLQ61228702	A-HDMI-FF
	
	
HMT351U6BFR8C-H9	HMT351U6BFR8C-H9
M471B1G73BH0-CK0	M471B1G73BH0-CK0
	
	
	
	
KVR24S17S8/4	KVR24S17S8/4
M471A1G43DB0-CPB	M471A1G43DB0-CPB
TED48G2400C16-S01	TED48G2400C16-S01
	
CT8G4SFS824A	CT8G4SFS824A
E30213S	E30213S
	
E30170A	E30170A
	
E40821S	E40821S
43994	YT-C-VGA(IN)/S-Video(OUT)
LA90PS1-00	41730
44005	45034
CAB-PN-HDMI-1.4-30	CAB-PN-HDMI-1.4-30
	
	
HMT325U6CFR8C-H9	HMT325U6CFR8C-H9
44010	44010
	
TC51800	44018
	
	
	
HMT351U6CFR8C-PB	HMT351U6CFR8C-PB
HMT351S6CFR8C-H9	HMT351S6CFR8C-H9
HMT351S6CFR8A-PB	HMT351S6CFR8A-PB
	
	
	
	
	
	
	
KTL-TP3B/4G	KTL-TP3B/4G
	
	
HMT451S6MFR8C-PB	HMT451S6MFR8C-PB
	
	
KVR21N15S8/4	KVR21N15S8/4
HX316C10F/4	HX316C10F/4
M471B5273DH0-YK0	M471B5273DH0-YK0
	
HX318LS11IBK2/16	HX318LS11IBK2/16
KVR16S11S6/2	KVR16S11S6/2
	
	
	
	
HX318LS11IB/8	HX318LS11IB/8
	
	
KVR24S17D8/16	KVR24S17D8/16
TS512MSH64V1H	TS512MSH64V1H
	
	
M471A5244CB0-CRC	M471A5244CB0-CRC
	
	
	
	
	
	
HYMP125S64CP8-S6	HYMP125S64CP8-S6
	
M378B5773CH0-CH9	M378B5773CH0-CH9
	
	
	
EE2-U2S-5	EE2-U2S-5
	
	
	
CT-PRB-2	CT-PRB-2
	
	
16988	16988
	
MTA8ATF1G64HZ-2G3B1	MTA8ATF1G64HZ-2G3B1
M471B5273CH0-CH9	M471B5273CH0-CH9
	
A-HDMI-FC	44064
	
CC-HDMI4C-6	CC-HDMI4C-6
	
KD00AS1193	KD00AS1193
	
	
KD00AS1192	KD00AS1192
CC-HDMI4C-10	CC-HDMI4C-10
CC-HDMICC-6	CC-HDMICC-6
304955	304955
	
	
	
	
	
KD00AS1246	KD00AS1246
KD00AS1273	KD00AS1273
	
	
	
A-HDMI-FD	
HDMIAF02	44236
15267	15267
KD00AS1241	KD00AS1241
CC-HDMID-6	CC-HDMID-6
KD00AS1242	KD00AS1242
	
	
CC-HDMID-15	CC-HDMID-15
KBD1678	KBD1678
	
KD00AS1245	KD00AS1245
KD00AS1274	KD00AS1274
15269	15269
	
CC-HDMI4F-6	CC-HDMI4F-6
MT8KTF51264HZ-1G6E1	MT8KTF51264HZ-1G6E1
	
	
	
M471B5273DM0-CH9	M471B5273DM0-CH9
	
	
	
PRB-16-04F	PRB-16-04F
	
TS-8	TS-8
	
NT4GC64B8HG0NS-CG	NT4GC64B8HG0NS-CG
M470T5663QZ3-CE6	M470T5663QZ3-CE6
	
CC-HDMI4L-10	CC-HDMI4L-10
	
	
M378B5273CH0-CK0	M378B5273CH0-CK0
TS120GSSD220S	TS120GSSD220S
	
EBJ40UG8BBU0-GN-F	EBJ40UG8BBU0-GN
	
HMT325U6BFR8C-H9	HMT325U6BFR8C-H9
	
M378B5773DH0-CH9	M378B5773DH0-CH9
M471B5773DH0-CH9	M471B5773DH0-CH9
	
	
EBJ81UG8BBU0-GN-F	EBJ81UG8BBU0-GN
	
44145	44460
	
	
M471B5773CHS-CH9	M471B5773CHS-CH9
M378B5273DH0-CH9	M378B5273DH0-CH9
	
44251	YT-C-S-Video(IN)/VGA(OUT)
M471A5143EB0-CPB	M471A5143EB0-CPB
7438	YT-VGA(M)/(M)3+4WH-1.5m
	
6970	YT-VGA(M)/(M)3+4WH-3m
9056	YT-VGA(M)/(M)3+4WH-5m
	
	
44252	44252
05232	TT-SCART (M)/(M)-1.2
KV-FJ1502A	KV-FJ1502A
SA400S37/120G	SA400S37/120G
SA400S37/240G	SA400S37/240G
HMT125S6BFR8C-H9	HMT125S6BFR8C-H9
HMT125S6TFR8C-H9	HMT125S6TFR8C-H9
M471B5673FH0-CH9	M471B5673FH0-CH9
CT51264BF186DJ	CT51264BF186DJ
	
	
	
	
	
M471A5143DB0-CPB	M471A5143DB0-CPB
HMA41GS6AFR8N-TF	HMA41GS6AFR8N-TF
	
	
	
	
M378B5673EH1-CH9	M378B5673EH1-CH9
HYMP112S64CR6-S6	44319
MT8JSF25664HZ-1G1D1	MT8JSF25664HZ-1G1D1
	
	
NT4GC64B8HG0NS-DI	NT4GC64B8HG0NS-DI
AMD16N11/8	AMD16N11/8
	
	
	
44328	YT-3.5(M)/3xRCA(M)-1.5Cu
07416	YT-VGA(M)/(M)3+6GR-1.5m
	
06637	YT-VGA(M)/(M)3+4WH-20m
M471B5273CH0-CK0	M471B5273CH0-CK0
	
M378B5173QH0-CK0	M378B5173QH0-CK0
M378B5173DB0-CK0	M378B5173DB0-CK0
	
M471b5673eh1-cf8	M471B5673EH1-CF8
M378B5273CH0-CH9	M378B5273CH0-CH9
M471B5173BH0-CK0	M471B5173BH0-CK0
M471B5773DH0-CK0	M471B5773DH0-CK0
44348	44348
44347	44347
M470T5663EH3-CF7	M470T5663EH3-CF7
M470T5663RZ3-CE6	M470T5663RZ3-CE6
	
44387	SCART-3RCA
44388	TT-SCART (M)-6RCA (M)-1.5
	
	
	
	
	
	
	
	
	
	
	
	
	
TLS-11	TLS-11
TLS-12	TLS-12
M471B5173BH0-YK0	M471B5173BH0-YK0
44403	44403
	
	
HMT325S6CFR8C-H9	HMT325S6CFR8C-H9
HMT125U6TFR8C-H9	HMT125U6TFR8C-H9
HMT351S6EFR8C-PB	HMT351S6EFR8C-PB
KVR667D2N5/1G	KVR667D2S5/1G
CCA-2R2R-6	CCA-2R2R-6
CCA-2R2R-10	CCA-2R2R-10
	
	
	
44430	44430
	
	
M378B5673FH0-CH9	M378B5673FH0-CH9
TS240GSSD220S	TS240GSSD220S
	
M471B5273CH0-YK0	M471B5273CH0-YK0
	
	
10707	10707
HMT41GS6MFR8C-PB	HMT41GS6MFR8C-PB
	
	
	
HMT351U6CFR8C-H9	HMT351U6CFR8C-H9
KVR24S17S8/8	KVR24S17S8/8
	
	
	
IR-SSDPR-S25A-120	IR-SSDPR-S25A-120
M471B5273EB0-CK0	M471B5273EB0-CK0
HMT41GS6DFR8A-PB	HMT41GS6DFR8A-PB
	
	
CCA-2R2R-10M	CCA-2R2R-10M
	
	
9174	44484
44500	YT-VGA (M)-3RCA(M)-1.5
HMP125S6EFR8C-S6	HMP125S6EFR8C-S6
	
	
M471A5244BB0-CRC	M471A5244BB0-CRC
	
	
	
M471B5773CHS-CK0	M471B5773CHS-CK0
M471B5173CB0-YK0	M471B5173CB0-YK0
	
	
	
	
	
PRT2	PRT2
M86NWX	M86NWX
	
	
	
	
	
CB-MP200(4:3)WM5(ALCW)	CB-MP200(4:3)WM5(ALCW)
	
	
	
	
	
	
M471B5674QH0-YK0	M471B5674QH0-YK0
	
	
	
	
	
	
	
HMT425S6AFR8A-PB	HMT425S6AFR8A-PB
	
HMT451U6BFR8C-PB	HMT451U6BFR8C-PB
HMA81GS6AFR8N-UH	HMA81GS6AFR8N-UH
	
	
M471B1G73BH0-YK0	M471B1G73BH0-YK0
CT102464BD160B	CT102464BD160B
M378B5273DH0-CK0	M378B5273DH0-CK0
	
M471A1K43BB0-CPB	M471A1K43BB0-CPB
CT8G4DFD824A	CT8G4DFD824A
	
	
	
	
	
	
ZLY5012609A	43700
	
HMT41GU6DFR8A-PB	HMT41GU6DFR8A-PB
M378B1G73DB0-CK0	M378B1G73DB0-CK0
M378B1G73EB0-CK0	M378B1G73EB0-CK0
M378A1G43DB0-CPB	M378A1G43DB0-CPB
M471A2K43BB1-CRC	M471A2K43BB1-CRC
	
	
	
	
	
	
m471A1K43CB1-CRC	m471A1K43CB1-CRC
m471A1K43BB1-CRC	HG8321R
HMA851S6AFR6N-UH	HMA851S6AFR6N-UH
	
	
MTA8ATF51264AZ-2G1B1	MTA8ATF51264AZ-2G1B1
MTA4ATF51264AZ-2G3B1	MTA4ATF51264AZ-2G3B1
M470T2864EH3-CF7	M470T2864EH3-CF7
KVR24N17S8/4	KVR24N17S8/4
KVR24N17S8/8	KVR24N17S8/8
KVR21S15D8/16	IPC-5000 Plus
	
CT16G4SFD824A	CT16G4SFD824A
	
mta16atf2g64hz-2g1a1	mta16atf2g64hz-2g1a1
	
	
	
	
	
	
E41621S	E41621S
	
	
	
GR2400S464L17S/4G	GR2400S464L17S/4G
CT4G4SFS8266	CT4G4SFS8266
GR2666S464L19S/4G	GR2666S464L19S/4G
KVR26S19S6/4	KVR26S19S6/4
	
TED48G2133C15-S01	TED48G2133C15-S01
A-HDMI-VGA-03-10	A-HDMI-VGA-03-10
	
	
44681	44681
JS300SSD120GB	JS300SSD120GB
	
44682	YT-C-HDMI(M)/VGA(F)-B
	
44693	45101
AMD16N11/4	AMD16N11/4
KVR24N17D8/16	KVR24N17D8/16
	
44708	YT-VGA(M)/(M)3+2-10m
	
	
	
44727	45268
	
M471B5273BH1-CH9	M471B5273BH1-CH9
EE2-U3S-2-S	EE2-U3S-2-S
44752	44752
	
	
	
	
TED34G1333C901 / TED34GM1333C901	TED34G1333C901 / TED34GM1333C901
TED34GM1333C9-S01	TED34GM1333C9-S01/ TED34G1333C9-S01 /SBK
	
	
	
	
	
GM16N11/2	GM16N11/2
	
GM16S11/2	GM16S11/2
	
	
GM16LN11/8	GM16LN11/8
TED38G1600C1101	TED38G1600C1101
GM16S11/8	GM16S11/8
GM16N11/8	GM16N11/8
HMT41GU6MFR8C-PBN0 / HMT41GU6 / HMT41GU6	HMT41GU6MFR8C-PBN0 / HMT41GU6 / HMT41GU6
GM16LS11/8	GM16LS11/8
	
	
	
	
	
	
	
	
	
17435	17435
	
	
SA400M8/120G	SA400M8/120G
	
WDS240G2G0B	WDS240G2G0B
ASU630SS-480GQ-R	ASU630SS-480GQ-R
AP480GAS340G-1	AP480GAS340G-1
SA400S37/480G	SA400S37/480G
	
	
	
44769	YT-VGA(M)/(M)3+2-15m
44768	YT-VGA(M)/(M)3+2-25m
	
	
USB3.0-HDMI	USB3.0-HDMI
	
	
VE405	VE405
	
DS-46304	DS-46304
	
	
	
	
M471A1K43CB1-CTD	M471A1K43CB1-CTD
	
	
	
	
	
	
	
NS800-001	38407
	
	
	
	
16143	16143
M471B5773CHS-CF8	M471B5773CHS-CF8
M378B5273EB0-CK0	M378B5273EB0-CK0
M378B5173BH0-CK0	M378B5173BH0-CK0
	
	
GD900-SY3	44790
	
	
	
44796	44796
	
	
	
	
	
44811	44811
	
HMT351U6EFR8C-PB	HMT351U6EFR8C-PB
HMT351U6СFR8C-PB	HMT351U6СFR8C-PB
M378B1G73BH0-CK0	M378B1G73BH0-CK0
M378B1G73EB0-YK0	M378B1G73EB0-YK0
44819	
44820	44820
HMA81GS6MFR8N-UH	HMA81GS6MFR8N-UH
M471A1K43DB1-CTD	M471A1K43DB1-CTD
8.754E+11	
8.754E+11	
8.754E+11	
HMA451U6AFR8N-TF	HMA451U6AFR8N-TF
HMA851U6AFR6N-UH	HMA851U6AFR6N-UH
	
	
44822	YT-VGA(M)/(M)3+2-1.5m
	
44821	YT-VGA(M)/(M)3+2-3m
	
HMA851U6CJR6N-UH	HMA851U6CJR6N-UH
	
	
	
	
	
	
	
TED416G2400C1601	TED416G2400C1601
	
	
CT4G4DFS8266	CT4G4DFS8266
KVR26N19S8/8	KVR26N19S8/8
KVR26S19S8/8	KVR26S19S8/8
KVR26N19D8/16	KVR26N19D8/16
	
KCP426SD8/16	KCP426SD8/16
	
JS300SSD960GB	JS300SSD960GB
	
	
M471A5244CB0-CTD	M471A5244CB0-CTD
HMA851S6CJR6N-VK	MT8KTF51264HZ-1G6N1
	
	
HX316C10F/8	HX316C10F/8
HX424C15FB2/8	HX424C15FB2/8
USBCM3.5ST-01	USBCM3.5ST-01
CCA-UC3.5F-01-W	CCA-UC3.5F-01-W
CCA-UC3.5F-02	CCA-UC3.5F-02
	
8101	8101
	
	
KBU1672	KBU1672
	
	
383655	383655
13888	13888
	
A-CM-HDMIF-01	A-CM-HDMIF-01
KD00AS1272	KD00AS1272
	
DA-70838-1	DA-70838-1
14716	44870
A-OTG-CMAF2-01	A-OTG-CMAF2-01
	
	
M471A2K43CB1-CRC	M471A2K43CB1-CRC
KCP424SS8/8	KCP424SS8/8
	
	
	
	
CCA-2R2R-7.5M	CCA-2R2R-7.5M
	
	
	
	
MT16JTF51264HZ-1G6M1	MT16JTF51264HZ-1G6M1
RMT3160ED58E9W-1600	RMT3160ED58E9W-1600
NT4GC64C88B1NS-DI	NT4GC64C88B1NS-DI
RMT3170EF68F9W-1600	RMT3170EF68F9W-1600
M378A5143EB1-CPB	M378A5143EB1-CPB
	
	
	
M378B5173EB0-YK0	M378B5173EB0-YK0
	
	
	
HMT451U6AFR8C-PB	HMT451U6AFR8C-PB
	
CT102464BF186D	CT102464BF186D
MT16KTF1G64HZ-1G6E1	MT16KTF1G64HZ-1G6E1
	
	
HMT41GU6BFR8A-PB	HMT41GU6BFR8A-PB
HMA41GU6AFR8N-TF	HMA41GU6AFR8N-TF
	
MTA16ATF1G64AZ-2G1B1	MTA16ATF1G64AZ-2G1B1
M378A1K43CB2-CRC	M378A1K43CB2-CRC
HMA81GU6AFR8N-UH	HMA81GU6AFR8N-UH
MTA8ATF1G64AZ-2G3H1	MTA8ATF1G64AZ-2G3H1
CT51264BF1339.M16FMR	CT51264BF1339
M378A1K43BB1-CPB	M378A1K43BB1-CPB
M471B5173BH0-CH9	M471B5173BH0-CH9
M378A1K43DB2-CTD	M378A1K43DB2-CTD
HMA81GU6CJR8N-VK	HMA81GU6CJR8N-VK
MT16JTF51264HZ-1G4M1	MT16JTF51264HZ-1G4M1
M378A1K43CB2-CTD	M378A1K43CB2-CTD
	
M378A5244CB0-CRC	M378A5244CB0-CRC
M378A5143DB0-CPB	M378A5143DB0-CPB
RMT3020EC58E9F-1333	RMT3020EC58E9F-1333
M471A2K43BB1-CPB	M471A2K43BB1-CPB
HMA82GS6AFR8N-UH	HMA82GS6AFR8N-UH
M471B5273EB0-YK0	M471B5273EB0-YK0
	
	
NT4GC64B88B1NF-DI	NT4GC64B88B1NF-DI
NT4GC64B8HG0NF-DI	NT4GC64B8HG0NF-DI
HMT41GU6MFR8C-PB	HMT41GU6MFR8C-PB
X7C75G-HYC	X7C75G-HYC
	
MTA16ATF1G64AZ-2G6E1	RMUA5110MH78HAF-2666
MT16KTF1G64HZ-1G6N1	MT16KTF1G64HZ-1G6N1
MT16KTF1G64AZ-1G6P1	MT16KTF1G64AZ-1G6P1
M378B1G73QH0-CK0	M378B1G73QH0-CK0
HMT41GU6BFR8C-PB	HMT41GU6BFR8C-PB
	
MT16JTF1G64AZ-1G6E1	MT16JTF1G64AZ-1G6E1
	
	
	
	
	
HMT451S6AFR8C-PB	HMT451S6AFR8C-PB
	
RMT3170EB68F9W-1600	RMT3170EB68F9W-1600
	
	
HMT41GS6AFR8C-PB	HMT41GS6AFR8C-PB
HMT41GU6AFR8A-PB	HMT41GU6AFR8A-PB
	
44893	YT-C-BNC(M)/VGA(F)
	
MT16KTF51264HZ-1G6M1	MT16KTF51264HZ-1G6M1
	
KV-FJ2504S	KV-FJ2504S
	
	
	
MT16KTF1G64HZ-1G6D1	MT16KTF1G64HZ-1G6D1
KFYHV1-HYC	KFYHV1-HYC
MT16KTF1G64AZ-1G6E1	MT16KTF1G64AZ-1G6E1
MTA8ATF1G64HZ-2G6E1	MTA8ATF1G64HZ-2G6E1
MTA8ATF1G64HZ-2G6H1	MTA8ATF1G64HZ-2G6H1
44637	4547
CH-03UMB	CH-03UMB
	
	
CT2G2S667M	CT2G2S667M
CT480BX500SSD1	CT480BX500SSD1
HMT325S6EFR8C-PB	HMT325S6EFR8C-PB
HMT351S6BFR8C-G7	HMT351S6BFR8C-G7
	
MT16KTF51264HZ-1G6K1	MT16KTF51264HZ-1G6K1
MT8JSF25664HZ-1G4D1	MT8JSF25664HZ-1G4D1
	
	
MT16JTF51264AZ-1G4M1	MT16JTF51264AZ-1G4M1
EBJ40UG8EFU0-GN	EBJ40UG8EFU0-GN
	
HMA81GS6JJR8N-VK	HMA81GS6JJR8N-VK
	
KP223C-ELD	KP223C-ELD
M378B5673FH0-CF8	M378B5673FH0-CF8
ACR16D3LFS1KBG/2G	ACR16D3LFS1KBG/2G
	
KNWMX1-ETB	KNWMX1-ETB
75TT16NUL2R8-8G	75TT16NUL2R8-8G
	
	
	
	
	
	
KCP421NS8/8	KCP421NS8/8
RMT3170MN68F9F-1600	RMT3170MN68F9F-1600
	
	
	
	
	
	
	
	
	
	
	
CT16G4SFD8266	CT16G4SFD8266
MT8JTF51264AZ-1G6E1	MT8JTF51264AZ-1G6E1
HMA81GU6JJR8N-VK	HMA81GU6JJR8N-VK
	
	
	
	
	
	
	
	
	
	
	
NT2GT64U8HC0BN-3C	NT2GT64U8HC0BN-3C
	
	
	
	
	
	
	
	
	
44973	44973
HMT451U6BFR8A-PB	HMT451U6BFR8A-PB
KTH-X3CL/8G	KTH-X3CL/8G
	
	
	
	
	
	
KTH-X3BS/4G	KTH-X3BS/4G
MT8KTF51264HZ-1G6N1	MT8KTF51264HZ-1G6N1
3UB2P2	3UB2P2
	
	
ACNBB	44999
	
	
CT8G4SFS8266	CT8G4SFS8266
	
M471A2K43CB1-CTD	M471A2K43CB1-CTD
	
	
17001	45007
	
CC-SATAM-DATA90	CC-SATAM-DATA90
CC-SATA-PSY	CC-SATA-PSY
16148	16148
	
10119	10119
16348	16348
10117	10117
PC-186-ML12-3M	PC-186-ML12-3M
2E-W1703	2E-W1703
CAB-PN-DP-DP-18	CAB-PN-DP-DP-18
	
MTA8ATF51264HZ-2G1B1	MTA8ATF51264HZ-2G1B1
	
KTD3KX-MIB	KTD3KX-MIB
MTA16ATF1G64HZ-2G1B1	MTA16ATF1G64HZ-2G1B1
VB-HDMI4-1M	VB-HDMI4-1M
	
KTH9600B/2G	KTH9600B/2G
	
KVR26S19D8/16	KVR26S19D8/16
MTA8ATF1G64AZ-2G3B1	MTA8ATF1G64AZ-2G3B1
MTA8ATF1G64AZ-2G3E1	MTA8ATF1G64AZ-2G3E1
HMT451S6DFR8A-PB	HMT451S6DFR8A-PB
HMT351S6AFR8C-G7	HMT351S6AFR8C-G7
	
SNY1333D3S9ELC/2	SNY1333D3S9ELC/2G
SNY1333D3S9DR8/2	SNY1333D3S9DR8/2G
	
KF073F-ELD	KF073F-ELD
ACR256X64D3S1333C9	ACR256X64D3S1333C9
TTG-G30015	TTG-G30015
TG5	TG5
TG10	TG10
701662	701662
	
MT16JTF51264AZ-1G6M1	MT16JTF51264AZ-1G6M1
	
KVR648-PSB	KVR648-PSB
M471A5143SB1-CRC	M471A5143SB1-CRC
KCP426SS8/8	KCP426SS8/8
HP26D4U9S8MD	HP26D4U9S8MD
MTA16ATF1G64HZ-2G1A2	MTA16ATF1G64HZ-2G1A2
MTA8ATF1G64HZ-2G3E1	MTA8ATF1G64HZ-2G3E1
MTA8ATF1G64HZ-2G3H1	MTA8ATF1G64HZ-2G3H1
HMA81GS6CJR8N-UH	HMA81GS6CJR8N-UH
HMA82GS6MFR8N-TF	HMA82GS6MFR8N-TF
NSTOR-12	NSTOR-12
NSTOR-9	NSTOR-9
	
	
STBRTRBLACK	STBRTRBLACK
STBRTRGREEN	STBRTRGREEN
STBRTRORANGE	STBRTRORANGE
STBRTRRED	STBRTRRED
STBRNTRSILVER	STBRNTRSILVER
STBRNTRWHITE	STBRNTRWHITE
STBRTRYELLOW	STBRTRYELLOW
UL001	UL001
	
01415	01415
LK-CL-01	LK-CL-01
	
M378A5244CB0-CTD	M378A5244CB0-CTD
KCP426NS6/4	KCP426NS6/4
	
GR2666S464L19S/8G	GR2666S464L19S/8G
HMA82GS6JJR8N-VK	HMA82GS6JJR8N-VK
MTA8ATF1G64HZ-2G6D1	MTA8ATF1G64HZ-2G6D1
HMT425S6AFR6C-PB	HMT425S6AFR8C-PB
KCP424SS6/4	KCP424SS6/4
	
	
CCA-406	CCA-406
	
	
	
	
	
PB103-0500	PB103-0500
	
	
	
CT8G4SFD824A	CT8G4SFD824A
HMA81GS6CJR8N-VK	HMA81GS6CJR8N-VK
KHYXPX-MIE	KHYXPX-MIE
HMA82GU6MFR8N-TF	HMA82GU6MFR8N-TF
	
M378A2K43CB1-CRC	M378A2K43CB1-CRC
	
	
mta16atf2g64hz-2g3b1	mta16atf2g64hz-2g3b1
	
	
JS600SSD128GB	JS600SSD128GB
AP120GAS340G-1	AP120GAS340G-1
	
AP240GAS340G-1	AP240GAS340G-1
	
	
	
	
CT240BX500SSD1	CT240BX500SSD1
	
	
	
CT120BX500SSD1	CT120BX500SSD1
AP120GAS350-1	AP120GAS350-1
	
	
	
	
MZ-V7S500BW	MZ-V7S500BW
	
SA2000M8/250G	SA2000M8/250G
	
GM16S11/4	GM16S11/4
	
	
	
E432247SD	E432247SD
	
E408269A	E408269A
	
E47033A	E47033A
	
	
HMA851S6JJR6N-VK	HMA851S6JJR6N-VK
MZ-V7S250BW	MZ-V7S250BW
HP26D4U9S1ME	HP26D4U9S1ME
RMT3160ME68FAF-1600	RMT3160ME68FAF-1600
HMT41GS6MFR8C-H9	HMT41GS6MFR8C-H9
MDZ-22-AB	MDZ-22-AB
	
	
VCPHDMI14MM3BK	VCPHDMI14MM3BK
	
17391	17391
CCA-418	CCA-418
	
ACTCP00004B	ACTCP00004B
ACTCP00008B	ACTCP00008B
TG-G15-02	TG-G15-02
	
	
TG-P-01	TG-P-01
	
17441	17441
9214	9214
	
	
	
HMA82GS6CJR8N-VK	HMA82GS6CJR8N-VK
WD5000LPCX	WD5000LPCX
	
	
	
ST2000LM015	ST2000LM015
	
ST1000LM049	ST1000LM049
	
ST1000LM048	ST1000LM048
	
WD10EZEX	WD10EZEX
HDWD110UZSVA	HDWD110UZSVA
ST1000DM010	ST1000DM010
WD40PURZ	WD40PURZ
ST2000DM008	ST2000DM008
WD20PURZ	WD20PURZ
WD20EFAX	WD20EFAX
HDWD120UZSVA	HDWD120UZSVA
	
HP24D4S7S8MBP	HP24D4S7S8MBP-8
EBJ21UE8BDS0-DJ	EBJ21UE8BDS0-DJ
MT16JSF25664HZ-1G4G1	MT16JSF25664HZ-1G4G1
	
3798	3798
VCPPCC131.8BK	VCPPCC131.8BK
16134	16134
	
16185	16185
	
VCPPC75C133BK	VCPPC75C133BK
8604	8604
	
4963	4963
	
VCPPCC0.5B	VCPPCC0.5B
	
	
	
	
	
SPM5-G-6B	SPM5-G-6B
	
	
SPM5-G-10B	SPM5-G-10B
	
	
	
	
	
UHB-U2P4-03	UHB-U2P4-03
VCPHTC2USB3S	VCPHTC2USB3S
GH-409	GH-409
	
M471B1G73BH0-CH9	M471B1G73BH0-CH9
	
HP26D4S9S8MHF	HP26D4S9S8MHF-8
	
RMSA3260NA78HAF-2400	RMSA3260NA78HAF-2400
HMA82GS6MFR8N-UH	HMA82GS6MFR8N-UH
NT4GC64B8HB0NS-CG	NT4GC64B8HB0NS-CG
	
	
JM2666HLB-16G	JM2666HLB-16G
JM2666HSB-16G	JM2666HSB-16G
	
	
	
	
	
	
	
	
	
	
CCA-4P2R-2M	CCA-4P2R-2M
	
kcp424sd8/16	KCP424SD8/16
	
RMR5040ME68FAF-1600	RMR5040ME68FAF-1600
KTL-TC316/8G	KTL-TC316/8G
KN2M64-ETB	KN2M64-ETB
HP698657-154	HP698657-154
NT8GC64C8HB0NS-DI	NT8GC64C8HB0NS-DI
MT16KTF1G64AZ-1G9P1	MT16KTF1G64AZ-1G9P1
M471A2K43DB1-CTD	M471A2K43DB1-CTD
45095	45095
KTH-X3CS/4G	KTH-X3CS/4G
45102	45102
	
MT8KTF25664HZ-1G6M1	MT8KTF25664HZ-1G6M1
CT25664BC1339	CT25664BC1339
HMT125S6TFR8C-G7	HMT125S6TFR8C-G7
MT8KTF51264AZ-1G6E1	MT8KTF51264AZ-1G6E1
	
HMT351S6CFR8A-H9	HMT351S6CFR8A-H9
8GBS421ZS3A15	8GBS421ZS3A15
MTA16ATF2G64HZ-2G6E1	MTA16ATF2G64HZ-2G6E1
JM1600KLH-8G	JM1600KLH-8G
MT16JTF51264AZ-1G4H1	MT16JTF51264AZ-1G4H1
45116	45116
	
	
	
EBJ20UF8BCS0-DJ-F	EBJ20UF8BCS0-DJ
EBJ21UE8BFU0-DJ-F	EBJ21UE8BFU0-DJ
	
	
NT2GC64B88B0NS-CG	NT2GC64B88B0NS-CG
	
	
ACR256X64D3S13C9G	ACR256X64D3S13C9G
	
	
EBJ21UE8BDF0-AE	EBJ21UE8BDF0-AE
HP594908-HR1	HP594908-HR1
RMT3020EF48E8W-1333	RMT3020EF48E8W-1333
	
	
EBJ41UF8BDU5-GN	EBJ41UF8BDU5-GN
RMR5030EF68F9W-1600	RMR5030EF68F9W-1600
	
NT4GC64B8HG0NF-CG	NT4GC64B8HG0NF-CG
D4SS1G082SH24A-B DSL	D4SS1G082SH24A-B
78AP24NUS2R8-16G	78AP24NUS2R8-16G
	
	
	
MTA8ATF1G64HZ-3G2J1	MTA8ATF1G64HZ-3G2J1
	
HMT125S6BFR8C-G7	HMT125S6BFR8C-G7
	
ACR26D4S9D8MD-16	ACR26D4S9D8MD-16
	
	
	
	
HMA851S6DJR6N-XN	HMA851S6DJR6N-XN
HX426S15IB2/8	HX426S15IB2/8
KCP3L16ND8/8	45200
AD73I1B0873EV	AD73I1B0873EV
	
	
10711	10711
	
	
8057	8057
CC-DVI-BK-6	CC-DVI-BK-6
KD00AS1283	KD00AS1283
	
M471A1K43DB1-CWE	M471A1K43DB1-CWE
NT2GC64B8HC0NS-BE	NT2GC64B8HC0NS-BE
JM1333KLN-4G	JM1333KLN-4G
	
K531R8-HYA	K531R8-HYA
	
HP26D4U9S8ME	HP26D4U9S8ME
ACR24D4S7S8MB	ACR24D4S7S8MB-8
HMA81GS6DJR8N-XN	HMA81GS6DJR8N-XN
	
	
45210	45210
KMKYF9-HYA	KMKYF9-HYA
CT16G4SFD8213	CT16G4SFD8213.C16FBR1
MT8KTF51264HZ-1G6P1	MT8KTF51264HZ-1G6P1
RMSA3270MB86H9F-2400	RMSA3270MB86H9F-2400
GR1600D364L11/8G	GR1600D364L11/8G
	
AO1P24HC8T1-BQXS	AO1P24HC8T1-BQXS
	
	
HMA851S6CJR8N-VK	HMA851S6CJR8N-VK
MT16JSF51264HZ-1G1D1	MT16JSF51264HZ-1G1D1
CM3X8GSDKIT1066	CM3X8GSDKIT1066
CMS04GX3M1A1333C9	CMS04GX3M1A1333C9
KCP313SS8/4	KCP313SS8/4
MT16JTF51264AZ-1G4D1	MT16JTF51264AZ-1G4D1
RMR5040ED58E9W-1600	RMR5040ED58E9W-1600
EBJ21UE8BDS0-AE-F	EBJ21UE8BDS0-AE
NT2GC64B8HC0NS-CG	NT2GC64B8HC0NS-CG
RMT1950MD58E8F-1333	RMT1950MD58E8F-1333
EBJ20UF8BDU0-GN	EBJ20UF8BDU0-GN
CT102464BF1339M.M16FN	CT102464BF1339M
45234	YT-3.5(M)/2xRCA(M)-1.5Cu
45232	YT-HDMI(M)/(M)HS-1m
	
CT51264BA1339	CT51264BA1339
HP24D4U7S8MBP-8	HP24D4U7S8MBP
KVR21N15S8/8	KVR21N15S8/8
	
YT-AS VGA/2VGA	YT-AS VGA/2VGA
KV-FJ2508S	KV-FJ2508S
YT-S VGA(M)/2VGA(F)-0.2m	YT-S VGA(M)/2VGA(F)-0.2m
	
YT-S-HDMI1=>2-4K	YT-S-HDMI1=>2-4K
164890q50	YT-S-HDMI1=>4-4K
YT-S-HDMI1=>2	YT-S-HDMI1=>2
YT-S-HDMI1=>4-4K	YT-S-HDMI1=>4-4K
YT-S-HDMI1=>8	YT-S-HDMI1=>8
GVS122	GVS122
	
F3-10600CL9D-8GBNT	10600CL9D-8GBNT
OWC1333DDR3S4GB	OWC1333DDR3S4GB
YT-C-mnHDMI(M)/VGA(F)-B	YT-C-mnHDMI(M)/VGA(F)-B
YT-C-mHDMI(M)/VGA(F)+AUX	YT-C-mHDMI(M)/VGA(F)+AUX
	
	
10600CL9S-4GBSQ	10600CL9S-4GBSQ
MT16JSS51264HZ-1G1A1	MT16JSS51264HZ-1G1A1
F3-8500CL7S-4GBSQ	F3-8500CL7S-4GBSQ
45252	45252
	
	
	
	
	
	
	
	
	
	
	
	
PSD48G266681	PSD48G266681
	
	
	
	
	
	
	
	
	
	
	
	
	
	
	
	
	
	
	
	
	
	
HMA851U6JJR6N-VK	HMA851U6JJR6N-VK
MTA4ATF51264AZ-2G6E1	MTA4ATF51264AZ-2G6E1
45259	45259
	
MTA4ATF51264HZ-2G6E1	MTA4ATF51264HZ-2G6E1
RMSA3260ME78HAF-2666	RMSA3260ME78HAF-2666
	
	
	
CT8G4SFRA32A	CT8G4SFRA32A
M378A1G43TB1-CTD	M378A1G43TB1-CTD
EBJ41UF8BCS0-DJ-F	EBJ41UF8BCS0-DJ
	
RMT3170ME68F9F-1600	RMT3170ME68F9F-1600
	
M471B5773EB0-CK0	M471B5773EB0-CK0
Samsung M378A1K43BB2-CRC	M378A1K43BB2-CRC
	
	
HMA81GS6DJR8N-VK	HMA81GS6DJR8N-VK
NT8GC64B8HB0NS-DI	NT8GC64B8HB0NS-DI
45269	45269
RMUA5110MH78HAF-2666	RMUA5110MH78HAF-2666
EBJ41UF8BDW0-GN	EBJ41UF8BDW0-GN
	
	
MT8JTF25664HZ-1G4M1	MT8JTF25664HZ-1G4M1
ACR16D3LS1KBGR/4G	ACR16D3LS1KBGR/4G
HP687515-H66-MCN	HP687515-H66
MT8KTF51264HZ-1G6E2	MT8KTF51264HZ-1G6E2
	
EBJ41UF8BDU0-GN-F	EBJ41UF8BDU0-GN
M471A5244CB0-CWE	M471A5244CB0-CWE
M378A2K43DB1-CTD	M378A2K43DB1-CTD
RMR5030MJ68F9F-1600	RMR5030MJ68F9F-1600
RMR1870EC58E9F-1333	RMR1870EC58E9F-1333
	
HMT125S6AFR8C-G7	HMT125S6AFR8C-G7
MT16KTF1G64HZ-1G6P1	MT16KTF1G64HZ-1G6P1
CT25664BC1067	CT25664BC1067
HP655410-150-HYCG	HP655410-150
	
	
	
ACR16D3LU1KNG/8G	ACR16D3LU1KNG/8G
RMUA5110MB78HAF-2400	RMUA5110MB78HAF-2400
MTA4ATF1G64HZ-3G2E1	MTA4ATF1G64HZ-3G2E1
MTA8ATF1G64HZ-3G2E1	MTA8ATF1G64HZ-3G2E1
	
	
RMR5030ED58E8W-1600	RMR5030ED58E8W-1600
	
MT4JTF25664AZ-1G6E1	MT4JTF25664AZ-1G6E1
JBLT110BLK	JBLT110BLK
981-000100	981-000100
RP-HJE125E-K	RP-HJE125E-K
AP-860MV	AP-860MV
	
EPM030G	EPM030G
EPM050B	EPM050B
EPM045GB	EPM045GB
981-000271	981-000271
10600CL9S-4GBNT	10600CL9S-4GBNT
MTA8ATF51264HZ-2G1A2	MTA8ATF51264HZ-2G1A2
RMSA3270ME86H9F-2666	RMSA3270ME86H9F-2666
LV102464Z11D316813	LV102464Z11D316813
KVR1333D3N9K2/8G	KVR1333D3N9K2/8G
VCPDCM1BK	VCPDCM1BK
VCPDCMFTPE1BK	VCPDCMFTPE1BK
VCPDCMBN21BK	VCPDCMBN21BK
VCPDCTCNB21BR	VCPDCTCNB21BR
VCPDCTCLED1BK	VCPDCTCLED1BK
VCPUSB3AMAF1.8B	VCPUSB3AMAF1.8B
	
	
	
M471A1G44AB0-CWE	M471A1G44AB0-CWE
RMSA3260MD78HAF-2666	RMSA3260MD78HAF-2666
AO1P24HC8T1-BPGS	AO1P24HC8T1-BPGS
ACR24D4S7S1MB	ACR24D4S7S1MB
TSB1600D3S1ELD/4GE	TSB1600D3S1ELD/4GE
TSB16D3LS1KFG/4G	TSB16D3LS1KFG/4G
KTD-XPS730B/4G	KTD-XPS730B/4G
910-003357	910-003357
910-001794	910-001794
910-004798	910-004798
	
	
31010116100	31010116100
MSW-907 black	MSW-907 black
	
	
MSW-907 black - blue	MSW-907 black - blue
RZ01-02540100-R3M1	RZ01-02540100-R3M1
X-710BK black	X-710BK black
KTL-TP3C/8G	KTL-TP3C/8G
EBJ40UG8EFU5-GNL	EBJ40UG8EFU5-GNL
M378B5773SB0-CK0	M378B5773SB0-CK0
M471A2K43DB1-CWE	M471A2K43DB1-CWE
KWTHG4-MIE	KWTHG4-MIE
HMA82GS6DJR8N-XN	HMA82GS6DJR8N-XN
	
HP26D4S9S8ME	HP26D4S9S8ME
KTA-MB1066/4G	MB1066/4G
	
HMT351U6AFR8C-H9	HMT351U6AFR8C-H9
VCPWCH2USB2ABK	VCPWCH2USB2ABK
VCPWCH2USB2ACMBK	VCPWCH2USB2ACMBK
VCPWCHQC3	VCPWCHQC3
VCCAABK	VCCAABK
CH-03B	CH-03B
VWCQAW	VWCQAW
102464Z8D3N16813	102464Z8D3N16813
	
	
	
0169120E	0169120E
MT16KTF1G64HZ-1G9P1	MT16KTF1G64HZ-1G9P1
45342	YT-HDMI(M)/(M)HS-0.8m
45341	YT-HDMI(M)/(M)HS-1.5m
45340	YT-HDMI(M)/(M)HS-2.0m
CT51264BD160BJ	CT51264BD160BJ
CT51264BC1067	CT51264BC1067
K821PJ-MID	K821PJ-MID
64DOJKHHJ	64DOJKHHJ
WD3200AAJS	WD3200AAJS
	
WD3200BUCT	WD3200BUCT
ST500VT000	ST500VT000
ST33000651NS	ST33000651NS
RMT3160MP68FAF-1600	RMT3160MP68FAF-1600
	
# WD5000LUCT-FR#	# WD5000LUCT-FR#
	
	
WD20SPZX	WD20SPZX
	
K821PJ-MIH	K821PJ-MIH
	
AD3LHT4GE5WB-CKGAC	AD3LHT4GE5WB-CKGAC
	
HMA851U6CJR6N-VK	HMA851U6CJR6N-VK
HP698651-154	HP698651-154
K66GKY-ETF	K66GKY-ETF
KM0VW4-MID	KM0VW4-MID
SD4U16N24-SE	SD4U16N24-SE
HMA82GU6CJR8N-VK	HMA82GU6CJR8N-VK
CT51264BC1339	CT51264BC1339
	
4GN612R08DS	4GN612R08DS
AD3LSS4GE1WB-CKGQ	AD3LSS4GE1WB-CKGQ
KTD-L3B/4G	KTD-L3B/4G
GR3200S464L22/16G	GR3200S464L22/16G
	
GR2666S464L19/16G	GR2666S464L19/16G
HMAA2GS6CJR8N-XN	HMAA2GS6CJR8N-XN
GR2666D464L19S/8G	GR2666D464L19S/8G
	
	
	
KVR32N22S8/8	KVR32N22S8/8
	
KVR32N22D8/16	KVR32N22D8/16
	
	
	
	
JS600SSD1TB	JS600SSD1TB
	
	
R5SL960G	R5SL960G
	
	
	
45413	45413
	
	
MTA4ATF1G64HZ-3G2E2	MTA4ATF1G64HZ-3G2E2
	
HX432S20IB2K2/32	HX432S20IB2K2/32
HP691160-H66	HP691160-H66
	
	
WMBA1204G	WMBA1204G
KP4T2F-PSB	KP4T2F-PSB
MSI24D4S7D8MH-16	MSI24D4S7D8MH-16
K821PJ-HYA	K821PJ-HYA
M378A2K43CB1-CTD	M378A2K43CB1-CTD
M378A2K43BB1-CRC	M378A2K43BB1-CRC
HMA82GU6AFR8N-UH	HMA82GU6AFR8N-UH
45440	45440
45428	45428
M471A2K43EB1-CTD	M471A2K43EB1-CTD
YT-C-HDMI(M)/VGA(F)-W	YT-C-HDMI(M)/VGA(F)-W
YT-C-HDMI(M)/VGA(F)+AUX-W	YT-C-HDMI(M)/VGA(F)+AUX-W
KTL-TP3C/4G	KTL-TP3C/4G
MT8KTF51264HZ-1G9P1	MT8KTF51264HZ-1G9P1
JM2666HLB-8G	JM2666HLB-8G
SP002GBLTU133V02	SP002GBLTU133V02
	
	
PV316G160LC9SK	PV316G160LC9SK
KVR32S22D8/16	KVR32S22D8/16
M471A2G43AB2-CWE	M471A2G43AB2-CWE
HMAA2GS6AJR8N-XN	HMAA2GS6AJR8N-XN
	
	
	